Pressure,IsSleeping
0.028,0
0.029,0
0.03,0
0.03,0
0.027,0
0.027,0
0.029,0
0.028,0
0.03,0
0.029,0
0.028,0
0.029,0
0.029,0
0.029,0
0.029,0
0.029,0
0.029,0
0.029,0
0.029,0
0.028,0
0.029,0
0.03,0
0.03,0
0.029,0
0.029,0
0.027,0
0.029,0
0.028,0
0.029,0
0.029,0
0.029,0
0.029,0
0.027,0
0.029,0
0.028,0
0.028,0
0.029,0
0.029,0
0.028,0
0.028,0
0.027,0
0.029,0
0.029,0
0.03,0
0.029,0
0.029,0
0.029,0
0.028,0
0.027,0
0.028,0
0.028,0
0.029,0
0.027,0
0.03,0
0.03,0
0.029,0
0.029,0
0.029,0
0.029,0
0.029,0
0.029,0
0.029,0
0.03,0
0.03,0
0.029,0
0.029,0
0.03,0
0.03,0
0.028,0
0.029,0
0.029,0
0.03,0
0.03,0
0.029,0
0.027,0
0.029,0
0.029,0
0.029,0
0.029,0
0.029,0
0.029,0
0.029,0
0.03,0
0.03,0
0.028,0
0.03,0
0.029,0
0.03,0
0.029,0
0.028,0
0.029,0
0.03,0
0.029,0
0.028,0
0.029,0
0.029,0
0.028,0
0.027,0
0.029,0
0.029,0
0.03,0
0.029,0
0.028,0
0.03,0
0.029,0
0.027,0
0.029,0
0.028,0
0.029,0
0.028,0
0.027,0
0.029,0
0.029,0
0.03,0
0.029,0
0.029,0
0.03,0
0.03,0
0.029,0
0.029,0
0.029,0
0.03,0
0.029,0
0.028,0
0.029,0
0.027,0
0.03,0
0.029,0
0.03,0
0.029,0
0.028,0
0.029,0
0.029,0
0.028,0
0.03,0
0.03,0
0.029,0
0.029,0
0.029,0
0.03,0
0.027,0
0.029,0
0.029,0
0.029,0
0.028,0
0.029,0
0.03,0
0.028,0
0.029,0
0.029,0
0.029,0
0.03,0
0.027,0
0.029,0
0.03,0
0.029,0
0.029,0
0.029,0
0.029,0
0.029,0
0.03,0
0.027,0
0.029,0
0.029,0
0.029,0
0.028,0
0.029,0
0.03,0
0.028,0
0.029,0
0.029,0
0.029,0
0.03,0
0.027,0
0.029,0
0.03,0
0.029,0
0.029,0
0.029,0
0.029,0
0.029,0
0.03,0
0.027,0
0.029,0
0.029,0
0.029,0
0.028,0
0.029,0
0.03,0
0.028,0
0.029,0
0.029,0
0.029,0
0.03,0
0.027,0
0.029,0
0.03,0
0.029,0
0.029,0
0.029,0
0.028,0
0.029,0
0.03,0
0.03,0
0.027,0
0.027,0
0.029,0
0.028,0
0.03,0
0.029,0
0.028,0
0.029,0
0.029,0
0.029,0
0.029,0
0.029,0
0.029,0
0.029,0
0.029,0
0.028,0
0.029,0
0.03,0
0.03,0
0.029,0
0.029,0
0.027,0
0.029,0
0.028,0
0.029,0
0.029,0
0.029,0
0.029,0
0.027,0
0.029,0
0.028,0
0.028,0
0.029,0
0.029,0
0.028,0
0.028,0
0.027,0
0.029,0
0.029,0
0.03,0
0.029,0
0.029,0
0.029,0
0.028,0
0.027,0
0.028,0
0.028,0
0.029,0
0.027,0
0.03,0
0.03,0
0.029,0
0.029,0
0.029,0
0.029,0
0.029,0
0.029,0
0.029,0
0.03,0
0.03,0
0.029,0
0.029,0
0.03,0
0.03,0
0.028,0
0.029,0
0.029,0
0.03,0
0.03,0
0.029,0
0.027,0
0.029,0
0.029,0
0.029,0
0.029,0
0.029,0
0.029,0
0.029,0
0.03,0
0.03,0
0.028,0
0.03,0
0.029,0
0.03,0
0.029,0
0.028,0
0.029,0
0.03,0
0.029,0
0.028,0
0.029,0
0.029,0
0.028,0
0.027,0
0.029,0
0.029,0
0.03,0
0.029,0
0.028,0
0.03,0
0.029,0
0.027,0
0.029,0
0.028,0
0.029,0
0.028,0
0.027,0
0.029,0
0.029,0
0.03,0
0.029,0
0.029,0
0.03,0
0.03,0
0.029,0
0.029,0
0.029,0
0.03,0
0.029,0
0.028,0
0.029,0
0.027,0
0.03,0
0.029,0
0.03,0
0.029,0
0.028,0
0.029,0
0.029,0
0.028,0
0.03,0
0.03,0
0.029,0
0.029,0
0.029,0
0.03,0
0.027,0
0.029,0
0.029,0
0.029,0
0.028,0
0.029,0
0.03,0
0.028,0
0.029,0
0.029,0
0.029,0
0.03,0
0.027,0
0.029,0
0.03,0
0.029,0
0.029,0
0.029,0
0.029,0
0.029,0
0.03,0
0.027,0
0.029,0
0.029,0
0.029,0
0.028,0
0.029,0
0.03,0
0.028,0
0.029,0
0.029,0
0.029,0
0.03,0
0.027,0
0.029,0
0.03,0
0.029,0
0.029,0
0.029,0
0.029,0
0.029,0
0.03,0
0.027,0
0.029,0
0.029,0
0.029,0
0.028,0
0.029,0
0.03,0
0.028,0
0.029,0
0.029,0
0.029,0
0.03,0
0.027,0
0.029,0
0.03,0
0.029,0
0.029,0
0.029,0
0.028,0
0.029,0
0.03,0
0.03,0
0.027,0
0.027,0
0.029,0
0.028,0
0.03,0
0.029,0
0.028,0
0.029,0
0.029,0
0.029,0
0.029,0
0.029,0
0.029,0
0.029,0
0.029,0
0.028,0
0.029,0
0.03,0
0.03,0
0.029,0
0.029,0
0.027,0
0.029,0
0.028,0
0.029,0
0.029,0
0.029,0
0.029,0
0.027,0
0.029,0
0.028,0
0.028,0
0.029,0
0.029,0
0.028,0
0.028,0
0.027,0
0.029,0
0.029,0
0.03,0
0.029,0
0.029,0
0.029,0
0.028,0
0.027,0
0.028,0
0.028,0
0.029,0
0.027,0
0.03,0
0.03,0
0.029,0
0.029,0
0.029,0
0.029,0
0.029,0
0.029,0
0.029,0
0.03,0
0.03,0
0.029,0
0.029,0
0.03,0
0.03,0
0.028,0
0.029,0
0.029,0
0.03,0
0.03,0
0.029,0
0.027,0
0.029,0
0.029,0
0.029,0
0.029,0
0.029,0
0.029,0
0.029,0
0.03,0
0.03,0
0.028,0
0.03,0
0.029,0
0.03,0
0.029,0
0.028,0
0.029,0
0.03,0
0.029,0
0.028,0
0.029,0
0.029,0
0.028,0
0.027,0
0.029,0
0.029,0
0.03,0
0.029,0
0.028,0
0.03,0
0.029,0
0.027,0
0.029,0
0.028,0
0.029,0
0.028,0
0.027,0
0.029,0
0.029,0
0.03,0
0.029,0
0.029,0
0.03,0
0.03,0
0.029,0
0.029,0
0.029,0
0.03,0
0.029,0
0.028,0
0.029,0
0.027,0
0.03,0
0.029,0
0.03,0
0.029,0
0.028,0
0.029,0
0.029,0
0.028,0
0.03,0
0.03,0
0.029,0
0.029,0
0.029,0
0.03,0
0.027,0
0.029,0
0.029,0
0.029,0
0.028,0
0.029,0
0.03,0
0.028,0
0.029,0
0.029,0
0.029,0
0.03,0
0.027,0
0.029,0
0.03,0
0.029,0
0.029,0
0.029,0
0.029,0
0.029,0
0.03,0
0.027,0
0.029,0
0.029,0
0.029,0
0.028,0
0.029,0
0.03,0
0.028,0
0.029,0
0.029,0
0.029,0
0.03,0
0.027,0
0.029,0
0.03,0
0.029,0
0.029,0
0.029,0
0.029,0
0.029,0
0.03,0
0.027,0
0.029,0
0.029,0
0.029,0
0.028,0
0.029,0
0.03,0
0.028,0
0.029,0
0.029,0
0.029,0
0.03,0
0.027,0
0.029,0
0.03,0
0.029,0
0.029,0
0.029,0
0.028,0
0.029,0
0.03,0
0.03,0
0.027,0
0.027,0
0.029,0
0.028,0
0.03,0
0.029,0
0.028,0
0.029,0
0.029,0
0.029,0
0.029,0
0.029,0
0.029,0
0.029,0
0.029,0
0.028,0
0.029,0
0.03,0
0.03,0
0.029,0
0.029,0
0.027,0
0.029,0
0.028,0
0.029,0
0.029,0
0.029,0
0.029,0
0.027,0
0.029,0
0.028,0
0.028,0
0.029,0
0.029,0
0.028,0
0.028,0
0.027,0
0.029,0
0.029,0
0.03,0
0.029,0
0.029,0
0.029,0
0.028,0
0.027,0
0.028,0
0.028,0
0.029,0
0.027,0
0.03,0
0.03,0
0.029,0
0.029,0
0.029,0
0.029,0
0.029,0
0.029,0
0.029,0
0.03,0
0.03,0
0.029,0
0.029,0
0.03,0
0.03,0
0.028,0
0.029,0
0.029,0
0.03,0
0.03,0
0.029,0
0.027,0
0.029,0
0.029,0
0.029,0
0.029,0
0.029,0
0.029,0
0.029,0
0.03,0
0.03,0
0.028,0
0.03,0
0.029,0
0.03,0
0.029,0
0.028,0
0.029,0
0.03,0
0.029,0
0.028,0
0.029,0
0.029,0
0.028,0
0.027,0
0.029,0
0.029,0
0.03,0
0.029,0
0.028,0
0.03,0
0.029,0
0.027,0
0.029,0
0.028,0
0.029,0
0.028,0
0.027,0
0.029,0
0.029,0
0.03,0
0.029,0
0.029,0
0.03,0
0.03,0
0.029,0
0.029,0
0.029,0
0.03,0
0.029,0
0.028,0
0.029,0
0.027,0
0.03,0
0.029,0
0.03,0
0.029,0
0.028,0
0.029,0
0.029,0
0.028,0
0.03,0
0.03,0
0.029,0
0.029,0
0.029,0
0.03,0
0.027,0
0.029,0
0.029,0
0.029,0
0.028,0
0.029,0
0.03,0
0.028,0
0.029,0
0.029,0
0.029,0
0.03,0
0.027,0
0.029,0
0.03,0
0.029,0
0.029,0
0.029,0
0.029,0
0.029,0
0.03,0
0.027,0
0.029,0
0.029,0
0.029,0
0.028,0
0.029,0
0.03,0
0.028,0
0.029,0
0.029,0
0.029,0
0.03,0
0.027,0
0.029,0
0.03,0
0.029,0
0.029,0
0.029,0
0.029,0
0.029,0
0.03,0
0.027,0
0.029,0
0.029,0
0.029,0
0.028,0
0.029,0
0.03,0
0.028,0
0.029,0
0.029,0
0.029,0
0.03,0
0.027,0
0.029,0
0.03,0
0.029,0
0.029,0
0.029,0
0.028,0
0.029,0
0.03,0
0.03,0
0.027,0
0.027,0
0.029,0
0.028,0
0.03,0
0.029,0
0.028,0
0.029,0
0.029,0
0.029,0
0.029,0
0.029,0
0.029,0
0.029,0
0.029,0
0.028,0
0.029,0
0.03,0
0.03,0
0.029,0
0.029,0
0.027,0
0.029,0
0.028,0
0.029,0
0.029,0
0.029,0
0.029,0
0.027,0
0.029,0
0.028,0
0.028,0
0.029,0
0.029,0
0.028,0
0.028,0
0.027,0
0.029,0
0.029,0
0.03,0
0.029,0
0.029,0
0.029,0
0.028,0
0.027,0
0.028,0
0.028,0
0.029,0
0.027,0
0.03,0
0.03,0
0.029,0
0.029,0
0.029,0
0.029,0
0.029,0
0.029,0
0.029,0
0.03,0
0.03,0
0.029,0
0.029,0
0.03,0
0.03,0
0.028,0
0.029,0
0.029,0
0.03,0
0.03,0
0.029,0
0.027,0
0.029,0
0.029,0
0.029,0
0.029,0
0.029,0
0.029,0
0.029,0
0.03,0
0.03,0
0.028,0
0.03,0
0.029,0
0.03,0
0.029,0
0.028,0
0.029,0
0.03,0
0.029,0
0.028,0
0.029,0
0.029,0
0.028,0
0.027,0
0.029,0
0.029,0
0.03,0
0.029,0
0.028,0
0.03,0
0.029,0
0.027,0
0.029,0
0.028,0
0.029,0
0.028,0
0.027,0
0.029,0
0.029,0
0.03,0
0.029,0
0.029,0
0.03,0
0.03,0
0.029,0
0.029,0
0.029,0
0.03,0
0.029,0
0.028,0
0.029,0
0.027,0
0.03,0
0.029,0
0.03,0
0.029,0
0.028,0
0.029,0
0.029,0
0.028,0
0.03,0
0.03,0
0.029,0
0.029,0
0.029,0
0.03,0
0.027,0
0.029,0
0.029,0
0.029,0
0.028,0
0.029,0
0.03,0
0.028,0
0.029,0
0.029,0
0.029,0
0.03,0
0.027,0
0.029,0
0.03,0
0.029,0
0.029,0
0.029,0
0.029,0
0.029,0
0.03,0
0.027,0
0.029,0
0.029,0
0.029,0
0.028,0
0.029,0
0.03,0
0.028,0
0.029,0
0.029,0
0.029,0
0.03,0
0.027,0
0.029,0
0.03,0
0.029,0
0.029,0
0.029,0
0.029,0
0.029,0
0.03,0
0.027,0
0.029,0
0.029,0
0.029,0
0.028,0
0.029,0
0.03,0
0.028,0
0.029,0
0.029,0
0.029,0
0.03,0
0.027,0
0.029,0
0.03,0
0.029,0
0.029,0
0.029,0
0.431,1
0.445,1
0.446,1
0.429,1
0.443,1
0.446,1
0.459,1
0.456,1
0.421,1
0.496,1
0.519,1
0.5,1
0.502,1
0.501,1
0.51,1
0.51,1
0.507,1
0.502,1
0.514,1
0.516,1
0.52,1
0.502,1
0.512,1
0.524,1
0.526,1
0.512,1
0.469,1
0.47,1
0.494,1
0.495,1
0.491,1
0.486,1
0.46,1
0.507,1
0.602,1
0.313,1
0.347,1
0.34,1
0.322,1
0.371,1
0.417,1
0.447,1
0.448,1
0.437,1
0.432,1
0.433,1
0.44,1
0.464,1
0.455,1
0.465,1
0.467,1
0.463,1
0.467,1
0.466,1
0.469,1
0.463,1
0.467,1
0.467,1
0.467,1
0.463,1
0.478,1
0.492,1
0.493,1
0.465,1
0.461,1
0.474,1
0.47,1
0.467,1
0.47,1
0.474,1
0.489,1
0.475,1
0.45,1
0.481,1
0.488,1
0.493,1
0.488,1
0.494,1
0.494,1
0.501,1
0.449,1
0.402,1
0.43,1
0.426,1
0.427,1
0.378,1
0.385,1
0.389,1
0.407,1
0.41,1
0.423,1
0.431,1
0.447,1
0.448,1
0.45,1
0.46,1
0.447,1
0.45,1
0.452,1
0.455,1
0.493,1
0.497,1
0.54,1
0.527,1
0.549,1
0.56,1
0.57,1
0.524,1
0.558,1
0.554,1
0.545,1
0.578,1
0.571,1
0.506,1
0.567,1
0.617,1
0.628,1
0.638,1
0.672,1
0.511,1
0.471,1
0.475,1
0.51,1
0.544,1
0.55,1
0.517,1
0.497,1
0.509,1
0.519,1
0.55,1
0.555,1
0.551,1
0.491,1
0.495,1
0.505,1
0.505,1
0.522,1
0.531,1
0.531,1
0.586,1
0.612,1
0.64,1
0.629,1
0.691,1
0.708,1
0.714,1
0.723,1
0.71,1
0.704,1
0.694,1
0.72,1
0.728,1
0.74,1
0.725,1
0.721,1
0.686,1
0.662,1
0.675,1
0.695,1
0.69,1
0.687,1
0.679,1
0.675,1
0.662,1
0.67,1
0.684,1
0.689,1
0.679,1
0.676,1
0.664,1
0.691,1
0.689,1
0.693,1
0.69,1
0.681,1
0.703,1
0.693,1
0.686,1
0.7,1
0.699,1
0.688,1
0.695,1
0.704,1
0.706,1
0.7,1
0.703,1
0.691,1
0.688,1
0.695,1
0.691,1
0.692,1
0.681,1
0.664,1
0.687,1
0.65,1
0.608,1
0.581,1
0.533,1
0.557,1
0.636,1
0.641,1
0.643,1
0.637,1
0.635,1
0.605,1
0.664,1
0.696,1
0.713,1
0.747,1
0.743,1
0.761,1
0.735,1
0.73,1
0.736,1
0.749,1
0.75,1
0.758,1
0.747,1
0.745,1
0.761,1
0.731,1
0.613,1
0.664,1
0.658,1
0.659,1
0.688,1
0.689,1
0.689,1
0.712,1
0.72,1
0.727,1
0.725,1
0.729,1
0.734,1
0.74,1
0.714,1
0.715,1
0.709,1
0.716,1
0.693,1
0.7,1
0.699,1
0.688,1
0.695,1
0.704,1
0.706,1
0.7,1
0.703,1
0.691,1
0.688,1
0.431,1
0.445,1
0.446,1
0.429,1
0.443,1
0.446,1
0.459,1
0.456,1
0.421,1
0.496,1
0.519,1
0.5,1
0.502,1
0.501,1
0.51,1
0.51,1
0.507,1
0.502,1
0.514,1
0.516,1
0.52,1
0.502,1
0.512,1
0.524,1
0.526,1
0.512,1
0.469,1
0.47,1
0.494,1
0.495,1
0.491,1
0.486,1
0.46,1
0.507,1
0.602,1
0.313,1
0.347,1
0.34,1
0.322,1
0.371,1
0.417,1
0.447,1
0.448,1
0.437,1
0.432,1
0.433,1
0.44,1
0.464,1
0.455,1
0.465,1
0.467,1
0.463,1
0.467,1
0.466,1
0.469,1
0.463,1
0.467,1
0.467,1
0.467,1
0.463,1
0.478,1
0.492,1
0.493,1
0.465,1
0.461,1
0.474,1
0.47,1
0.467,1
0.47,1
0.474,1
0.489,1
0.475,1
0.45,1
0.481,1
0.488,1
0.493,1
0.488,1
0.494,1
0.494,1
0.501,1
0.449,1
0.402,1
0.43,1
0.426,1
0.427,1
0.378,1
0.385,1
0.389,1
0.407,1
0.41,1
0.423,1
0.431,1
0.447,1
0.448,1
0.45,1
0.46,1
0.447,1
0.45,1
0.452,1
0.455,1
0.493,1
0.497,1
0.54,1
0.527,1
0.549,1
0.56,1
0.57,1
0.524,1
0.558,1
0.554,1
0.545,1
0.578,1
0.571,1
0.506,1
0.567,1
0.617,1
0.628,1
0.638,1
0.672,1
0.511,1
0.471,1
0.475,1
0.51,1
0.544,1
0.55,1
0.517,1
0.497,1
0.509,1
0.519,1
0.55,1
0.555,1
0.551,1
0.491,1
0.495,1
0.505,1
0.505,1
0.522,1
0.531,1
0.531,1
0.586,1
0.612,1
0.64,1
0.629,1
0.691,1
0.708,1
0.714,1
0.723,1
0.71,1
0.704,1
0.694,1
0.72,1
0.728,1
0.74,1
0.725,1
0.721,1
0.686,1
0.662,1
0.675,1
0.695,1
0.69,1
0.687,1
0.679,1
0.675,1
0.662,1
0.67,1
0.684,1
0.689,1
0.679,1
0.676,1
0.664,1
0.691,1
0.689,1
0.693,1
0.69,1
0.681,1
0.703,1
0.693,1
0.686,1
0.7,1
0.699,1
0.688,1
0.695,1
0.704,1
0.706,1
0.7,1
0.703,1
0.691,1
0.688,1
0.695,1
0.691,1
0.692,1
0.681,1
0.664,1
0.687,1
0.65,1
0.608,1
0.581,1
0.533,1
0.557,1
0.636,1
0.641,1
0.643,1
0.637,1
0.635,1
0.605,1
0.664,1
0.696,1
0.713,1
0.747,1
0.743,1
0.761,1
0.735,1
0.73,1
0.736,1
0.749,1
0.75,1
0.758,1
0.747,1
0.745,1
0.761,1
0.731,1
0.613,1
0.664,1
0.658,1
0.659,1
0.688,1
0.689,1
0.689,1
0.712,1
0.72,1
0.727,1
0.725,1
0.729,1
0.734,1
0.74,1
0.714,1
0.715,1
0.709,1
0.716,1
0.693,1
0.7,1
0.699,1
0.688,1
0.695,1
0.704,1
0.706,1
0.7,1
0.703,1
0.691,1
0.688,1
0.431,1
0.445,1
0.446,1
0.429,1
0.443,1
0.446,1
0.459,1
0.456,1
0.421,1
0.496,1
0.519,1
0.5,1
0.502,1
0.501,1
0.51,1
0.51,1
0.507,1
0.502,1
0.514,1
0.516,1
0.52,1
0.502,1
0.512,1
0.524,1
0.526,1
0.512,1
0.469,1
0.47,1
0.494,1
0.495,1
0.491,1
0.486,1
0.46,1
0.507,1
0.602,1
0.313,1
0.347,1
0.34,1
0.322,1
0.371,1
0.417,1
0.447,1
0.448,1
0.437,1
0.432,1
0.433,1
0.44,1
0.464,1
0.455,1
0.465,1
0.467,1
0.463,1
0.467,1
0.466,1
0.469,1
0.463,1
0.467,1
0.467,1
0.467,1
0.463,1
0.478,1
0.492,1
0.493,1
0.465,1
0.461,1
0.474,1
0.47,1
0.467,1
0.47,1
0.474,1
0.489,1
0.475,1
0.45,1
0.481,1
0.488,1
0.493,1
0.488,1
0.494,1
0.494,1
0.501,1
0.449,1
0.402,1
0.43,1
0.426,1
0.427,1
0.378,1
0.385,1
0.389,1
0.407,1
0.41,1
0.423,1
0.431,1
0.447,1
0.448,1
0.45,1
0.46,1
0.447,1
0.45,1
0.452,1
0.455,1
0.493,1
0.497,1
0.54,1
0.527,1
0.549,1
0.56,1
0.57,1
0.524,1
0.558,1
0.554,1
0.545,1
0.578,1
0.571,1
0.506,1
0.567,1
0.617,1
0.628,1
0.638,1
0.672,1
0.511,1
0.471,1
0.475,1
0.51,1
0.544,1
0.55,1
0.517,1
0.497,1
0.509,1
0.519,1
0.55,1
0.555,1
0.551,1
0.491,1
0.495,1
0.505,1
0.505,1
0.522,1
0.531,1
0.531,1
0.586,1
0.612,1
0.64,1
0.629,1
0.691,1
0.708,1
0.714,1
0.723,1
0.71,1
0.704,1
0.694,1
0.72,1
0.728,1
0.74,1
0.725,1
0.721,1
0.686,1
0.662,1
0.675,1
0.695,1
0.69,1
0.687,1
0.679,1
0.675,1
0.662,1
0.67,1
0.684,1
0.689,1
0.679,1
0.676,1
0.664,1
0.691,1
0.689,1
0.693,1
0.69,1
0.681,1
0.703,1
0.693,1
0.686,1
0.7,1
0.699,1
0.688,1
0.695,1
0.704,1
0.706,1
0.7,1
0.703,1
0.691,1
0.688,1
0.695,1
0.691,1
0.692,1
0.681,1
0.664,1
0.687,1
0.65,1
0.608,1
0.581,1
0.533,1
0.557,1
0.636,1
0.641,1
0.643,1
0.637,1
0.635,1
0.605,1
0.664,1
0.696,1
0.713,1
0.747,1
0.743,1
0.761,1
0.735,1
0.73,1
0.736,1
0.749,1
0.75,1
0.758,1
0.747,1
0.745,1
0.761,1
0.731,1
0.613,1
0.664,1
0.658,1
0.659,1
0.688,1
0.689,1
0.689,1
0.712,1
0.72,1
0.727,1
0.725,1
0.729,1
0.734,1
0.74,1
0.714,1
0.715,1
0.709,1
0.716,1
0.693,1
0.7,1
0.699,1
0.688,1
0.695,1
0.704,1
0.706,1
0.7,1
0.703,1
0.691,1
0.688,1
0.431,1
0.445,1
0.446,1
0.429,1
0.443,1
0.446,1
0.459,1
0.456,1
0.421,1
0.496,1
0.519,1
0.5,1
0.502,1
0.501,1
0.51,1
0.51,1
0.507,1
0.502,1
0.514,1
0.516,1
0.52,1
0.502,1
0.512,1
0.524,1
0.526,1
0.512,1
0.469,1
0.47,1
0.494,1
0.495,1
0.491,1
0.486,1
0.46,1
0.507,1
0.602,1
0.313,1
0.347,1
0.34,1
0.322,1
0.371,1
0.417,1
0.447,1
0.448,1
0.437,1
0.432,1
0.433,1
0.44,1
0.464,1
0.455,1
0.465,1
0.467,1
0.463,1
0.467,1
0.466,1
0.469,1
0.463,1
0.467,1
0.467,1
0.467,1
0.463,1
0.478,1
0.492,1
0.493,1
0.465,1
0.461,1
0.474,1
0.47,1
0.467,1
0.47,1
0.474,1
0.489,1
0.475,1
0.45,1
0.481,1
0.488,1
0.493,1
0.488,1
0.494,1
0.494,1
0.501,1
0.449,1
0.402,1
0.43,1
0.426,1
0.427,1
0.378,1
0.385,1
0.389,1
0.407,1
0.41,1
0.423,1
0.431,1
0.447,1
0.448,1
0.45,1
0.46,1
0.447,1
0.45,1
0.452,1
0.455,1
0.493,1
0.497,1
0.54,1
0.527,1
0.549,1
0.56,1
0.57,1
0.524,1
0.558,1
0.554,1
0.545,1
0.578,1
0.571,1
0.506,1
0.567,1
0.617,1
0.628,1
0.638,1
0.672,1
0.511,1
0.471,1
0.475,1
0.51,1
0.544,1
0.55,1
0.517,1
0.497,1
0.509,1
0.519,1
0.55,1
0.555,1
0.551,1
0.491,1
0.495,1
0.505,1
0.505,1
0.522,1
0.531,1
0.531,1
0.586,1
0.612,1
0.64,1
0.629,1
0.691,1
0.708,1
0.714,1
0.723,1
0.71,1
0.704,1
0.694,1
0.72,1
0.728,1
0.74,1
0.725,1
0.721,1
0.686,1
0.662,1
0.675,1
0.695,1
0.69,1
0.687,1
0.679,1
0.675,1
0.662,1
0.67,1
0.684,1
0.689,1
0.679,1
0.676,1
0.664,1
0.691,1
0.689,1
0.693,1
0.69,1
0.681,1
0.703,1
0.693,1
0.686,1
0.7,1
0.699,1
0.688,1
0.695,1
0.704,1
0.706,1
0.7,1
0.703,1
0.691,1
0.688,1
0.695,1
0.691,1
0.692,1
0.681,1
0.664,1
0.687,1
0.65,1
0.608,1
0.581,1
0.533,1
0.557,1
0.636,1
0.641,1
0.643,1
0.637,1
0.635,1
0.605,1
0.664,1
0.696,1
0.713,1
0.747,1
0.743,1
0.761,1
0.735,1
0.73,1
0.736,1
0.749,1
0.75,1
0.758,1
0.747,1
0.745,1
0.761,1
0.731,1
0.613,1
0.664,1
0.658,1
0.659,1
0.688,1
0.689,1
0.689,1
0.712,1
0.72,1
0.727,1
0.725,1
0.729,1
0.734,1
0.74,1
0.714,1
0.715,1
0.709,1
0.716,1
0.693,1
0.7,1
0.699,1
0.688,1
0.695,1
0.704,1
0.706,1
0.7,1
0.703,1
0.691,1
0.688,1
0.734,1
0.748,1
0.728,1
0.74,1
0.743,1
0.738,1
0.753,1
0.752,1
0.755,1
0.763,1
0.762,1
0.765,1
0.77,1
0.766,1
0.73,1
0.723,1
0.723,1
0.724,1
0.728,1
0.723,1
0.722,1
0.709,1
0.029,1
0.029,1
0.03,1
0.029,1
0.029,1
0.029,1
0.028,1
0.029,1
0.029,1
0.029,1
0.029,1
0.03,1
0.03,1
0.03,1
0.029,1
0.03,1
0.03,1
0.029,1
0.028,1
0.029,1
0.03,1
0.028,1
0.028,1
0.027,1
0.029,1
0.029,1
0.029,1
0.027,1
0.029,1
0.03,1
0.03,1
0.029,1
0.028,1
0.029,1
0.038,1
0.977,1
0.955,1
0.97,1
0.411,1
0.054,1
0.4,1
0.906,1
0.93,1
0.972,1
0.95,1
0.97,1
0.958,1
0.958,1
0.956,1
0.892,1
0.662,1
0.703,1
0.939,1
0.952,1
0.954,1
0.972,1
0.949,1
0.974,1
0.949,1
0.973,1
0.083,1
0.404,1
0.725,1
0.95,1
0.952,1
0.969,1
0.973,1
0.959,1
0.97,1
0.955,1
0.958,1
0.529,1
0.055,1
0.035,1
0.269,1
0.296,1
0.47,1
0.365,1
0.352,1
0.315,1
0.367,1
0.303,1
0.584,1
0.664,1
0.622,1
0.639,1
0.642,1
0.616,1
0.463,1
0.44,1
0.426,1
0.34,1
0.416,1
0.428,1
0.33,1
0.355,1
0.358,1
0.402,1
0.417,1
0.318,1
0.37,1
0.374,1
0.315,1
0.292,1
0.307,1
0.211,1
0.03,1
0.027,1
0.028,1
0.03,1
0.093,1
0.222,1
0.64,1
0.765,1
0.403,1
0.029,1
0.046,1
0.304,1
0.126,1
0.197,1
0.178,1
0.241,1
0.223,1
0.126,1
0.213,1
0.189,1
0.082,1
0.029,1
0.029,1
0.036,1
0.076,1
0.064,1
0.061,1
0.213,1
0.045,1
0.219,1
0.96,1
0.542,1
0.619,1
0.974,1
0.95,1
0.93,1
0.935,1
0.937,1
0.936,1
0.933,1
0.041,1
0.11,1
0.032,1
0.231,1
0.93,1
0.933,1
0.674,1
0.942,1
0.956,1
0.963,1
0.968,1
0.708,1
0.297,1
0.059,1
0.059,1
0.06,1
0.135,1
0.732,1
0.701,1
0.557,1
0.766,1
0.912,1
0.95,1
0.621,1
0.93,1
0.971,1
0.338,1
0.029,1
0.028,1
0.948,1
0.972,1
0.962,1
0.943,1
0.954,1
0.949,1
0.94,1
0.955,1
0.946,1
0.947,1
0.953,1
0.97,1
0.961,1
0.953,1
0.93,1
0.93,1
0.978,1
0.961,1
0.207,1
0.124,1
0.977,1
0.354,1
0.93,1
0.658,1
0.317,1
0.029,1
0.205,1
0.029,1
0.029,1
0.045,1
0.028,1
0.029,1
0.029,1
0.027,1
0.029,1
0.028,1
0.03,1
0.108,1
0.183,1
0.029,1
0.03,1
0.098,1
0.099,1
0.069,1
0.027,1
0.03,1
0.03,1
0.713,1
0.945,1
0.505,1
0.127,1
0.442,1
0.944,1
0.941,1
0.948,1
0.958,1
0.84,1
0.951,1
0.972,1
0.933,1
0.958,1
0.971,1
0.942,1
0.957,1
0.978,1
0.933,1
0.933,1
0.958,1
0.948,1
0.942,1
0.97,1
0.971,1
0.967,1
0.944,1
0.932,1
0.948,1
0.966,1
0.943,1
0.931,1
0.974,1
0.977,1
0.97,1
0.939,1
0.941,1
0.96,1
0.411,1
0.37,1
0.389,1
0.37,1
0.291,1
0.363,1
0.945,1
0.96,1
0.106,1
0.204,1
0.425,1
0.421,1
0.941,1
0.93,1
0.939,1
0.968,1
0.789,1
0.111,1
0.734,1
0.748,1
0.728,1
0.74,1
0.743,1
0.738,1
0.753,1
0.752,1
0.755,1
0.763,1
0.762,1
0.765,1
0.77,1
0.766,1
0.73,1
0.723,1
0.723,1
0.724,1
0.728,1
0.723,1
0.722,1
0.709,1
0.029,1
0.029,1
0.03,1
0.029,1
0.029,1
0.029,1
0.028,1
0.029,1
0.029,1
0.029,1
0.029,1
0.03,1
0.03,1
0.03,1
0.029,1
0.03,1
0.03,1
0.029,1
0.028,1
0.029,1
0.03,1
0.028,1
0.028,1
0.027,1
0.029,1
0.029,1
0.029,1
0.027,1
0.029,1
0.03,1
0.03,1
0.029,1
0.028,1
0.029,1
0.038,1
0.977,1
0.955,1
0.97,1
0.411,1
0.054,1
0.4,1
0.906,1
0.93,1
0.972,1
0.95,1
0.97,1
0.958,1
0.958,1
0.956,1
0.892,1
0.662,1
0.703,1
0.939,1
0.952,1
0.954,1
0.972,1
0.949,1
0.974,1
0.949,1
0.973,1
0.083,1
0.404,1
0.725,1
0.95,1
0.952,1
0.969,1
0.973,1
0.959,1
0.97,1
0.955,1
0.958,1
0.529,1
0.055,1
0.035,1
0.269,1
0.296,1
0.47,1
0.365,1
0.352,1
0.315,1
0.367,1
0.303,1
0.584,1
0.664,1
0.622,1
0.639,1
0.642,1
0.616,1
0.463,1
0.44,1
0.426,1
0.34,1
0.416,1
0.428,1
0.33,1
0.355,1
0.358,1
0.402,1
0.417,1
0.318,1
0.37,1
0.374,1
0.315,1
0.292,1
0.307,1
0.211,1
0.03,1
0.027,1
0.028,1
0.03,1
0.093,1
0.222,1
0.64,1
0.765,1
0.403,1
0.029,1
0.046,1
0.304,1
0.126,1
0.197,1
0.178,1
0.241,1
0.223,1
0.126,1
0.213,1
0.189,1
0.082,1
0.029,1
0.029,1
0.036,1
0.076,1
0.064,1
0.061,1
0.213,1
0.045,1
0.219,1
0.96,1
0.542,1
0.619,1
0.974,1
0.95,1
0.93,1
0.935,1
0.937,1
0.936,1
0.933,1
0.041,1
0.11,1
0.032,1
0.231,1
0.93,1
0.933,1
0.674,1
0.942,1
0.956,1
0.963,1
0.968,1
0.708,1
0.297,1
0.059,1
0.059,1
0.06,1
0.135,1
0.732,1
0.701,1
0.557,1
0.766,1
0.912,1
0.95,1
0.621,1
0.93,1
0.971,1
0.338,1
0.029,1
0.028,1
0.948,1
0.972,1
0.962,1
0.943,1
0.954,1
0.949,1
0.94,1
0.955,1
0.946,1
0.947,1
0.953,1
0.97,1
0.961,1
0.953,1
0.93,1
0.93,1
0.978,1
0.961,1
0.207,1
0.124,1
0.977,1
0.354,1
0.93,1
0.658,1
0.317,1
0.029,1
0.205,1
0.029,1
0.029,1
0.045,1
0.028,1
0.029,1
0.029,1
0.027,1
0.029,1
0.028,1
0.03,1
0.108,1
0.183,1
0.029,1
0.03,1
0.098,1
0.099,1
0.069,1
0.027,1
0.03,1
0.03,1
0.713,1
0.945,1
0.505,1
0.127,1
0.442,1
0.944,1
0.941,1
0.948,1
0.958,1
0.84,1
0.951,1
0.972,1
0.933,1
0.958,1
0.971,1
0.942,1
0.957,1
0.978,1
0.933,1
0.933,1
0.958,1
0.948,1
0.942,1
0.97,1
0.971,1
0.967,1
0.944,1
0.932,1
0.948,1
0.966,1
0.943,1
0.931,1
0.974,1
0.977,1
0.97,1
0.939,1
0.941,1
0.96,1
0.411,1
0.37,1
0.389,1
0.37,1
0.291,1
0.363,1
0.945,1
0.96,1
0.106,1
0.204,1
0.425,1
0.421,1
0.941,1
0.93,1
0.939,1
0.968,1
0.789,1
0.111,1
0.734,1
0.748,1
0.728,1
0.74,1
0.743,1
0.738,1
0.753,1
0.752,1
0.755,1
0.763,1
0.762,1
0.765,1
0.77,1
0.766,1
0.73,1
0.723,1
0.723,1
0.724,1
0.728,1
0.723,1
0.722,1
0.709,1
0.029,1
0.029,1
0.03,1
0.029,1
0.029,1
0.029,1
0.028,1
0.029,1
0.029,1
0.029,1
0.029,1
0.03,1
0.03,1
0.03,1
0.029,1
0.03,1
0.03,1
0.029,1
0.028,1
0.029,1
0.03,1
0.028,1
0.028,1
0.027,1
0.029,1
0.029,1
0.029,1
0.027,1
0.029,1
0.03,1
0.03,1
0.029,1
0.028,1
0.029,1
0.038,1
0.977,1
0.955,1
0.97,1
0.411,1
0.054,1
0.4,1
0.906,1
0.93,1
0.972,1
0.95,1
0.97,1
0.958,1
0.958,1
0.956,1
0.892,1
0.662,1
0.703,1
0.939,1
0.952,1
0.954,1
0.972,1
0.949,1
0.974,1
0.949,1
0.973,1
0.083,1
0.404,1
0.725,1
0.95,1
0.952,1
0.969,1
0.973,1
0.959,1
0.97,1
0.955,1
0.958,1
0.529,1
0.055,1
0.035,1
0.269,1
0.296,1
0.47,1
0.365,1
0.352,1
0.315,1
0.367,1
0.303,1
0.584,1
0.664,1
0.622,1
0.639,1
0.642,1
0.616,1
0.463,1
0.44,1
0.426,1
0.34,1
0.416,1
0.428,1
0.33,1
0.355,1
0.358,1
0.402,1
0.417,1
0.318,1
0.37,1
0.374,1
0.315,1
0.292,1
0.307,1
0.211,1
0.03,1
0.027,1
0.028,1
0.03,1
0.093,1
0.222,1
0.64,1
0.765,1
0.403,1
0.029,1
0.046,1
0.304,1
0.126,1
0.197,1
0.178,1
0.241,1
0.223,1
0.126,1
0.213,1
0.189,1
0.082,1
0.029,1
0.029,1
0.036,1
0.076,1
0.064,1
0.061,1
0.213,1
0.045,1
0.219,1
0.96,1
0.542,1
0.619,1
0.974,1
0.95,1
0.93,1
0.935,1
0.937,1
0.936,1
0.933,1
0.041,1
0.11,1
0.032,1
0.231,1
0.93,1
0.933,1
0.674,1
0.942,1
0.956,1
0.963,1
0.968,1
0.708,1
0.297,1
0.059,1
0.059,1
0.06,1
0.135,1
0.732,1
0.701,1
0.557,1
0.766,1
0.912,1
0.95,1
0.621,1
0.93,1
0.971,1
0.338,1
0.029,1
0.028,1
0.948,1
0.972,1
0.962,1
0.943,1
0.954,1
0.949,1
0.94,1
0.955,1
0.946,1
0.947,1
0.953,1
0.97,1
0.961,1
0.953,1
0.93,1
0.93,1
0.978,1
0.961,1
0.207,1
0.124,1
0.977,1
0.354,1
0.93,1
0.658,1
0.317,1
0.029,1
0.205,1
0.029,1
0.029,1
0.045,1
0.028,1
0.029,1
0.029,1
0.027,1
0.029,1
0.028,1
0.03,1
0.108,1
0.183,1
0.029,1
0.03,1
0.098,1
0.099,1
0.069,1
0.027,1
0.03,1
0.03,1
0.713,1
0.945,1
0.505,1
0.127,1
0.442,1
0.944,1
0.941,1
0.948,1
0.958,1
0.84,1
0.951,1
0.972,1
0.933,1
0.958,1
0.971,1
0.942,1
0.957,1
0.978,1
0.933,1
0.933,1
0.958,1
0.948,1
0.942,1
0.97,1
0.971,1
0.967,1
0.944,1
0.932,1
0.948,1
0.966,1
0.943,1
0.931,1
0.974,1
0.977,1
0.97,1
0.939,1
0.941,1
0.96,1
0.411,1
0.37,1
0.389,1
0.37,1
0.291,1
0.363,1
0.945,1
0.96,1
0.106,1
0.204,1
0.425,1
0.421,1
0.941,1
0.93,1
0.939,1
0.968,1
0.789,1
0.111,1
0.028,1
0.948,1
0.972,1
0.962,1
0.943,1
0.954,1
0.949,1
0.94,1
0.955,1
0.946,1
0.947,1
0.953,1
0.97,1
0.961,1
0.953,1
0.93,1
0.93,1
0.978,1
0.961,1
0.207,1
0.124,1
0.977,1
0.354,1
0.93,1
0.658,1
0.317,1
0.029,1
0.205,1
0.029,1
0.029,1
0.045,1
0.028,1
0.029,1
0.029,1
0.027,1
0.029,1
0.028,1
0.03,1
0.108,1
0.183,1
0.029,1
0.03,1
0.098,1
0.099,1
0.069,1
0.027,1
0.03,1
0.03,1
0.713,1
0.945,1
0.505,1
0.127,1
0.442,1
0.944,1
0.941,1
0.948,1
0.958,1
0.84,1
0.951,1
0.972,1
0.933,1
0.958,1
0.971,1
0.942,1
0.957,1
0.978,1
0.933,1
0.933,1
0.958,1
0.948,1
0.942,1
0.97,1
0.971,1
0.967,1
0.944,1
0.932,1
0.948,1
0.966,1
0.943,1
0.931,1
0.974,1
0.977,1
0.97,1
0.939,1
0.941,1
0.96,1
0.411,1
0.37,1
0.389,1
0.37,1
0.291,1
0.363,1
0.945,1
0.96,1
0.106,1
0.204,1
0.425,1
0.421,1
0.941,1
0.93,1
0.028,0
0.029,0
0.03,0
0.03,0
0.027,0
0.027,0
0.029,0
0.028,0
0.03,0
0.029,0
0.028,0
0.029,0
0.029,0
0.029,0
0.029,0
0.029,0
0.029,0
0.029,0
0.029,0
0.028,0
0.029,0
0.03,0
0.03,0
0.029,0
0.029,0
0.027,0
0.029,0
0.028,0
0.029,0
0.029,0
0.029,0
0.029,0
0.027,0
0.029,0
0.028,0
0.028,0
0.029,0
0.029,0
0.028,0
0.028,0
0.027,0
0.029,0
0.029,0
0.03,0
0.029,0
0.029,0
0.029,0
0.028,0
0.027,0
0.028,0
0.027,0
0.135,1
0.732,1
0.701,1
0.557,1
0.766,1
0.735,1
0.73,1
0.736,1
0.749,1
0.75,1
0.758,1
0.747,1
0.745,1
0.761,1
0.731,1
0.613,1
0.664,1
0.658,1
0.659,1
0.688,1
0.689,1
0.689,1
0.712,1
0.72,1
0.727,1
0.725,1
0.729,1
0.734,1
0.74,1
0.714,1
0.715,1
0.709,1
0.716,1
0.693,1
0.7,1
0.699,1
0.688,1
0.695,1
0.704,1
0.735,1
0.73,1
0.736,1
0.749,1
0.75,1
0.758,1
0.747,1
0.745,1
0.761,1
0.731,1
0.028,0
0.029,0
0.03,0
0.03,0
0.027,0
0.027,0
0.029,0
0.028,0
0.03,0
0.029,0
0.028,0
0.029,0
0.029,0
0.029,0
0.029,0
0.029,0
0.029,0
0.029,0
0.029,0
0.028,0
0.029,0
0.03,0
0.03,0
0.029,0
0.029,0
0.027,0
0.029,0
0.028,0
0.029,0
0.029,0
0.029,0
0.029,0
0.027,0
0.029,0
0.028,0
0.028,0
0.029,0
0.029,0
0.028,0
0.028,0
0.027,0
0.029,0
0.029,0
0.03,0
0.029,0
0.029,0
0.029,0
0.028,0
0.027,0
0.028,0
0.027,0
0.135,1
0.732,1
0.701,1
0.557,1
0.766,1
0.735,1
0.73,1
0.736,1
0.749,1
0.75,1
0.758,1
0.747,1
0.745,1
0.761,1
0.731,1
0.613,1
0.664,1
0.658,1
0.659,1
0.688,1
0.689,1
0.689,1
0.712,1
0.72,1
0.727,1
0.725,1
0.729,1
0.734,1
0.74,1
0.714,1
0.715,1
0.709,1
0.716,1
0.693,1
0.7,1
0.699,1
0.688,1
0.695,1
0.704,1
0.735,1
0.73,1
0.736,1
0.749,1
0.75,1
0.758,1
0.747,1
0.745,1
0.761,1
0.731,1
0.028,0
0.029,0
0.03,0
0.03,0
0.027,0
0.027,0
0.029,0
0.028,0
0.03,0
0.029,0
0.028,0
0.029,0
0.029,0
0.029,0
0.029,0
0.029,0
0.029,0
0.029,0
0.029,0
0.028,0
0.029,0
0.03,0
0.03,0
0.029,0
0.029,0
0.027,0
0.029,0
0.028,0
0.029,0
0.029,0
0.029,0
0.029,0
0.027,0
0.029,0
0.028,0
0.028,0
0.029,0
0.029,0
0.028,0
0.028,0
0.027,0
0.029,0
0.029,0
0.03,0
0.029,0
0.029,0
0.029,0
0.028,0
0.027,0
0.028,0
0.027,0
0.135,1
0.732,1
0.701,1
0.557,1
0.766,1
0.735,1
0.73,1
0.736,1
0.749,1
0.75,1
0.758,1
0.747,1
0.745,1
0.761,1
0.731,1
0.613,1
0.664,1
0.658,1
0.659,1
0.688,1
0.689,1
0.689,1
0.712,1
0.72,1
0.727,1
0.725,1
0.729,1
0.734,1
0.74,1
0.714,1
0.715,1
0.709,1
0.716,1
0.693,1
0.7,1
0.699,1
0.688,1
0.695,1
0.704,1
0.735,1
0.73,1
0.736,1
0.749,1
0.75,1
0.758,1
0.747,1
0.745,1
0.761,1
0.731,1
0.028,0
0.029,0
0.03,0
0.03,0
0.027,0
0.027,0
0.029,0
0.028,0
0.03,0
0.029,0
0.028,0
0.029,0
0.029,0
0.029,0
0.029,0
0.029,0
0.029,0
0.029,0
0.029,0
0.028,0
0.029,0
0.03,0
0.03,0
0.029,0
0.029,0
0.027,0
0.029,0
0.028,0
0.029,0
0.029,0
0.029,0
0.029,0
0.027,0
0.029,0
0.028,0
0.028,0
0.029,0
0.029,0
0.028,0
0.028,0
0.027,0
0.029,0
0.029,0
0.03,0
0.029,0
0.029,0
0.029,0
0.028,0
0.027,0
0.028,0
0.027,0
0.135,1
0.732,1
0.701,1
0.557,1
0.766,1
0.735,1
0.73,1
0.736,1
0.749,1
0.75,1
0.758,1
0.747,1
0.745,1
0.761,1
0.731,1
0.613,1
0.664,1
0.658,1
0.659,1
0.688,1
0.689,1
0.689,1
0.712,1
0.72,1
0.727,1
0.725,1
0.729,1
0.734,1
0.74,1
0.714,1
0.715,1
0.709,1
0.716,1
0.693,1
0.7,1
0.699,1
0.688,1
0.695,1
0.704,1
0.735,1
0.73,1
0.736,1
0.749,1
0.75,1
0.758,1
0.747,1
0.745,1
0.761,1
0.731,1
0.028,0
0.029,0
0.03,0
0.03,0
0.027,0
0.027,0
0.029,0
0.028,0
0.03,0
0.029,0
0.028,0
0.029,0
0.029,0
0.029,0
0.029,0
0.029,0
0.029,0
0.029,0
0.029,0
0.028,0
0.029,0
0.03,0
0.03,0
0.029,0
0.029,0
0.027,0
0.029,0
0.028,0
0.029,0
0.029,0
0.029,0
0.029,0
0.027,0
0.029,0
0.028,0
0.028,0
0.029,0
0.029,0
0.028,0
0.028,0
0.027,0
0.029,0
0.029,0
0.03,0
0.029,0
0.029,0
0.029,0
0.028,0
0.027,0
0.028,0
0.027,0
0.135,1
0.732,1
0.701,1
0.557,1
0.766,1
0.735,1
0.73,1
0.736,1
0.749,1
0.75,1
0.758,1
0.747,1
0.745,1
0.761,1
0.731,1
0.613,1
0.664,1
0.658,1
0.659,1
0.688,1
0.689,1
0.689,1
0.712,1
0.72,1
0.727,1
0.725,1
0.729,1
0.734,1
0.74,1
0.714,1
0.715,1
0.709,1
0.716,1
0.693,1
0.7,1
0.699,1
0.688,1
0.695,1
0.704,1
0.735,1
0.73,1
0.736,1
0.749,1
0.75,1
0.758,1
0.747,1
0.745,1
0.761,1
0.731,1
0.028,0
0.029,0
0.03,0
0.03,0
0.027,0
0.027,0
0.029,0
0.028,0
0.03,0
0.029,0
0.028,0
0.029,0
0.029,0
0.029,0
0.029,0
0.029,0
0.029,0
0.029,0
0.029,0
0.028,0
0.029,0
0.03,0
0.03,0
0.029,0
0.029,0
0.027,0
0.029,0
0.028,0
0.029,0
0.029,0
0.029,0
0.029,0
0.027,0
0.029,0
0.028,0
0.028,0
0.029,0
0.029,0
0.028,0
0.028,0
0.027,0
0.029,0
0.029,0
0.03,0
0.029,0
0.029,0
0.029,0
0.028,0
0.027,0
0.028,0
0.027,0
0.135,1
0.732,1
0.701,1
0.557,1
0.766,1
0.735,1
0.73,1
0.736,1
0.749,1
0.75,1
0.758,1
0.747,1
0.745,1
0.761,1
0.731,1
0.613,1
0.664,1
0.658,1
0.659,1
0.688,1
0.689,1
0.689,1
0.712,1
0.72,1
0.727,1
0.725,1
0.729,1
0.734,1
0.74,1
0.714,1
0.715,1
0.709,1
0.716,1
0.693,1
0.7,1
0.699,1
0.688,1
0.695,1
0.704,1
0.735,1
0.73,1
0.736,1
0.749,1
0.75,1
0.758,1
0.747,1
0.745,1
0.761,1
0.731,1
0.028,0
0.029,0
0.03,0
0.03,0
0.027,0
0.027,0
0.029,0
0.028,0
0.03,0
0.029,0
0.028,0
0.029,0
0.029,0
0.029,0
0.029,0
0.029,0
0.029,0
0.029,0
0.029,0
0.028,0
0.029,0
0.03,0
0.03,0
0.029,0
0.029,0
0.027,0
0.029,0
0.028,0
0.029,0
0.029,0
0.029,0
0.029,0
0.027,0
0.029,0
0.028,0
0.028,0
0.029,0
0.029,0
0.028,0
0.028,0
0.027,0
0.029,0
0.029,0
0.03,0
0.029,0
0.029,0
0.029,0
0.028,0
0.027,0
0.028,0
0.027,0
0.135,1
0.732,1
0.701,1
0.557,1
0.766,1
0.735,1
0.73,1
0.736,1
0.749,1
0.75,1
0.758,1
0.747,1
0.745,1
0.761,1
0.731,1
0.613,1
0.664,1
0.658,1
0.659,1
0.688,1
0.689,1
0.689,1
0.712,1
0.72,1
0.727,1
0.725,1
0.729,1
0.734,1
0.74,1
0.714,1
0.715,1
0.709,1
0.716,1
0.693,1
0.7,1
0.699,1
0.688,1
0.695,1
0.704,1
0.735,1
0.73,1
0.736,1
0.749,1
0.75,1
0.758,1
0.747,1
0.745,1
0.761,1
0.731,1
0.028,0
0.029,0
0.03,0
0.03,0
0.027,0
0.027,0
0.029,0
0.028,0
0.03,0
0.029,0
0.028,0
0.029,0
0.029,0
0.029,0
0.029,0
0.029,0
0.029,0
0.029,0
0.029,0
0.028,0
0.029,0
0.03,0
0.03,0
0.029,0
0.029,0
0.027,0
0.029,0
0.028,0
0.029,0
0.029,0
0.029,0
0.029,0
0.027,0
0.029,0
0.028,0
0.028,0
0.029,0
0.029,0
0.028,0
0.028,0
0.027,0
0.029,0
0.029,0
0.03,0
0.029,0
0.029,0
0.029,0
0.028,0
0.027,0
0.028,0
0.027,0
0.135,1
0.732,1
0.701,1
0.557,1
0.766,1
0.735,1
0.73,1
0.736,1
0.749,1
0.75,1
0.758,1
0.747,1
0.745,1
0.761,1
0.731,1
0.613,1
0.664,1
0.658,1
0.659,1
0.688,1
0.689,1
0.689,1
0.712,1
0.72,1
0.727,1
0.725,1
0.729,1
0.734,1
0.74,1
0.714,1
0.715,1
0.709,1
0.716,1
0.693,1
0.7,1
0.699,1
0.688,1
0.695,1
0.704,1
0.735,1
0.73,1
0.736,1
0.749,1
0.75,1
0.758,1
0.747,1
0.745,1
0.761,1
0.731,1
0.028,0
0.029,0
0.03,0
0.03,0
0.027,0
0.027,0
0.029,0
0.028,0
0.03,0
0.029,0
0.028,0
0.029,0
0.029,0
0.029,0
0.029,0
0.029,0
0.029,0
0.029,0
0.029,0
0.028,0
0.029,0
0.03,0
0.03,0
0.029,0
0.029,0
0.027,0
0.029,0
0.028,0
0.029,0
0.029,0
0.029,0
0.029,0
0.027,0
0.029,0
0.028,0
0.028,0
0.029,0
0.029,0
0.028,0
0.028,0
0.027,0
0.029,0
0.029,0
0.03,0
0.029,0
0.029,0
0.029,0
0.028,0
0.027,0
0.028,0
0.027,0
0.135,1
0.732,1
0.701,1
0.557,1
0.766,1
0.735,1
0.73,1
0.736,1
0.749,1
0.75,1
0.758,1
0.747,1
0.745,1
0.761,1
0.731,1
0.613,1
0.664,1
0.658,1
0.659,1
0.688,1
0.689,1
0.689,1
0.712,1
0.72,1
0.727,1
0.725,1
0.729,1
0.734,1
0.74,1
0.714,1
0.715,1
0.709,1
0.716,1
0.693,1
0.7,1
0.699,1
0.688,1
0.695,1
0.704,1
0.735,1
0.73,1
0.736,1
0.749,1
0.75,1
0.758,1
0.747,1
0.745,1
0.761,1
0.731,1
0.028,0
0.029,0
0.03,0
0.03,0
0.027,0
0.027,0
0.029,0
0.028,0
0.03,0
0.029,0
0.028,0
0.029,0
0.029,0
0.029,0
0.029,0
0.029,0
0.029,0
0.029,0
0.029,0
0.028,0
0.029,0
0.03,0
0.03,0
0.029,0
0.029,0
0.027,0
0.029,0
0.028,0
0.029,0
0.029,0
0.029,0
0.029,0
0.027,0
0.029,0
0.028,0
0.028,0
0.029,0
0.029,0
0.028,0
0.028,0
0.027,0
0.029,0
0.029,0
0.03,0
0.029,0
0.029,0
0.029,0
0.028,0
0.027,0
0.028,0
0.027,0
0.135,1
0.732,1
0.701,1
0.557,1
0.766,1
0.735,1
0.73,1
0.736,1
0.749,1
0.75,1
0.758,1
0.747,1
0.745,1
0.761,1
0.731,1
0.613,1
0.664,1
0.658,1
0.659,1
0.688,1
0.689,1
0.689,1
0.712,1
0.72,1
0.727,1
0.725,1
0.729,1
0.734,1
0.74,1
0.714,1
0.715,1
0.709,1
0.716,1
0.693,1
0.7,1
0.699,1
0.688,1
0.695,1
0.704,1
0.735,1
0.73,1
0.736,1
0.749,1
0.75,1
0.758,1
0.747,1
0.745,1
0.761,1
0.731,1
